<?xml version="1.0" encoding="UTF-8"?>
<!-- IMPORTANT: This is an internal file that has been generated
     by the Xilinx ISE software.  Any direct editing or
     changes made to this file may result in unpredictable
     behavior or data corruption.  It is strongly advised that
     users do not edit the contents of this file. -->
<DeviceUsageSummary rev="3">
<DesignStatistics TimeStamp="Fri May 13 18:09:06 2016"><group name="MiscellaneousStatistics">
<item name="AGG_BONDED_IO" rev="3">
<attrib name="value" value="85"/></item>
<item name="AGG_IO" rev="3">
<attrib name="value" value="85"/></item>
<item name="AGG_SLICE" rev="3">
<attrib name="value" value="2175"/></item>
<item name="NUM_BONDED_IOB" rev="3">
<attrib name="value" value="85"/></item>
<item name="NUM_BSFULL" rev="3">
<attrib name="value" value="744"/></item>
<item name="NUM_BSLUTONLY" rev="3">
<attrib name="value" value="6460"/></item>
<item name="NUM_BSREGONLY" rev="3">
<attrib name="value" value="53"/></item>
<item name="NUM_BSUSED" rev="3">
<attrib name="value" value="7257"/></item>
<item name="NUM_BUFG" rev="3">
<attrib name="value" value="1"/></item>
<item name="NUM_LOGIC_O5ANDO6" rev="3">
<attrib name="value" value="3089"/></item>
<item name="NUM_LOGIC_O5ONLY" rev="3">
<attrib name="value" value="2"/></item>
<item name="NUM_LOGIC_O6ONLY" rev="3">
<attrib name="value" value="4111"/></item>
<item name="NUM_LUT_RT_DRIVES_CARRY4" rev="3">
<attrib name="value" value="2"/></item>
<item name="NUM_LUT_RT_EXO6" rev="3">
<attrib name="value" value="2"/></item>
<item name="NUM_LUT_RT_O5" rev="3">
<attrib name="value" value="9"/></item>
<item name="NUM_LUT_RT_O6" rev="3">
<attrib name="value" value="2"/></item>
<item name="NUM_SLICEL" rev="3">
<attrib name="value" value="2175"/></item>
<item name="NUM_SLICE_CARRY4" rev="3">
<attrib name="value" value="1686"/></item>
<item name="NUM_SLICE_CONTROLSET" rev="3">
<attrib name="value" value="96"/></item>
<item name="NUM_SLICE_CYINIT" rev="3">
<attrib name="value" value="10583"/></item>
<item name="NUM_SLICE_F7MUX" rev="3">
<attrib name="value" value="1"/></item>
<item name="NUM_SLICE_FF" rev="3">
<attrib name="value" value="974"/></item>
<item name="NUM_SLICE_UNUSEDCTRL" rev="3">
<attrib name="value" value="1866"/></item>
<item name="NUM_UNUSABLE_FF_BELS" rev="3">
<attrib name="value" value="522"/></item>
<item name="Xilinx Core mult_gen_v11_2, Xilinx CORE Generator 14.7" rev="3">
<attrib name="value" value="13"/></item>
</group>
</DesignStatistics>
<CmdHistory>
</CmdHistory>
</DeviceUsageSummary>
